21. BARAJAS. INFORMACIÓN DE DISTRITO Y BARRIOS;;;;;;;;;;;;;;;;;;;;
 ;CIUDAD;;BARAJAS;;Alameda de Osuna;;Aeropuerto;;Casco Histórico de Barajas;;Timón;;Corralejos;;;;;;;
1.1 CARACTERÍSTICAS GENERALES DEL DISTRITO-BARRIO;;;;;;;;;;;;;;;;;;;;
Superficie (Ha.) ;;60.445,52;4.192,28;;197,03;;2.962,61;;54,94;;509,45;;468,25;;;;;;;
Densidad (hab./Ha.) ;;54,03;11,68;;99,10;;0,62;;137,70;;24,32;;16,32;;;;;;;
1.2. LA POBLACIÓN DEL DISTRITO;;;;;;;;;;;;;;;;;;;;
1.2.1. Estructura de la población (01/01/2019);;;;;;;;;;;;;;;;;;;;
Sexo de la población;100%;3.266.126;1,5%;48.972;39,9%;19.526;3,8%;1.851;15,4%;7.565;25,3%;12.388;15,6%;7.642;;;;;;
Hombres;46,6%;1.521.178;48,3%;23.653;48,1%;9.391;51,4%;952;48,2%;3.648;47,8%;5.916;49,0%;3.746;;;;;;
Mujeres;53,4%;1.744.948;51,7%;25.319;51,9%;10.135;48,6%;899;51,8%;3.917;52,2%;6.472;51,0%;3.896;;;;;;
Edad media de la población;;44,14;;41,79;;45,02;;41,68;;44,21;;37,84;;37,54;;;;;;
De 0 a 14 años;13,3%;435.675;17,2%;8.430;15,6%;3.048;14,8%;274;11,3%;857;20,0%;2.472;23,3%;1.779;;;;;;
De 15 a 29;15,7%;512.070;13,8%;6.743;12,5%;2.447;16,2%;300;15,1%;1.146;14,3%;1.771;14,1%;1.079;;;;;;
De 30 a 44;22,8%;744.312;23,3%;11.407;20,1%;3.931;24,7%;457;26,6%;2.015;27,9%;3.460;20,2%;1.544;;;;;;
De 45 a 64;27,9%;912.424;28,0%;13.692;26,1%;5.095;29,2%;541;28,6%;2.162;27,6%;3.422;32,3%;2.472;;;;;;
De 65 a 79;13,0%;423.670;13,4%;6.541;20,8%;4.067;8,5%;158;12,1%;914;7,1%;875;6,9%;527;;;;;;
De 80 y + ;7,3%;237.975;4,4%;2.159;4,8%;938;6,5%;121;6,2%;471;3,1%;388;3,2%;241;;;;;;
De 65 y +;20,3%;661.645;17,8%;8.700;25,6%;5.005;15,1%;279;18,3%;1.385;10,2%;1.263;10,0%;768;;;;;;
Población en etapa educativa (De 3 a 16 años -16 no incluidos-);11,6%;379.646;15,3%;7.480;14,3%;2.790;12,6%;234;9,5%;720;16,6%;2.052;22,0%;1.684;;;;;;
Proporción de juventud (Población de 0-15 años/Población total);14,2%;;18,3%;;16,7%;;15,8%;;12,0%;;21,0%;;25,1%;;;;;;;
Proporción de envejecimiento (Población > 65 años/Población total);20,3%;;17,8%;;25,6%;;15,1%;;18,3%;;10,2%;;10,1%;;;;;;;
Proporción de sobreenvejecimiento (Población > 80 años/Población >65 años);36,0%;;24,8%;;18,7%;;43,4%;;34,0%;;30,7%;;31,4%;;;;;;;
Índice de envejecimiento activo (2017);;37,0;;;;;;;;;;;;;;;;;;
Hombres;;38,6;;;;;;;;;;;;;;;;;;
Mujeres;;35,8;;;;;;;;;;;;;;;;;;
Proporción de dependencia (Población de 0-15 + población 65 y + / Pob. 16-64) ;52,6%;;56,48;;73,33;;44,61;;43,55;;45,3;;54,23;;;;;;;
Personas con nacionalidad española;85,9%;2.805.478;90,6%;44.365;94,3%;18.422;79,6%;1.474;81,7%;6.177;90,1%;11.158;93,4%;7.134;;;;;;
Personas con nacionalidad española HOMBRES;46,6%;1.308.240;48,7%;21.615;48,4%;8.911;51,7%;762;48,9%;3.019;48,3%;5.393;49,5%;3.530;;;;;;
Personas con nacionalidad española MUJERES;53,4%;1.497.238;51,3%;22.750;51,6%;9.511;48,3%;712;51,1%;3.158;51,7%;5.765;50,5%;3.604;;;;;;
Personas con nacionalidad extranjera;14,1%;460.623;9,4%;4.607;5,7%;1.104;20,4%;377;18,3%;1.388;9,9%;1.230;6,6%;508;;;;;;
Personas con nacionalidad extranjera HOMBRES;46,2%;212.925;44,2%;2.038;43,5%;480;50,4%;190;45,3%;629;42,5%;523;42,5%;216;;;;;;
Personas con nacionalidad extranjera MUJERES;53,8%;247.698;55,8%;2.569;56,5%;624;49,6%;187;54,7%;759;57,5%;707;57,5%;292;;;;;;
Proporción de inmigrantes (Extranjeros menos UE y resto países de OCDE / Población total);9,8%;;5,2%;;2,6%;;15,1%;;11,5%;;5,8%;;2,5%;;;;;;;
1ª nacionalidad extranjera en el Distrito: Rumanía (% respecto total extranjeros del distrito);9,7%;44.738;13,9%;642;10,4%;115;19,4%;73;17,7%;246;14,9%;183;4,9%;25;;;;;;
2ª nacionalidad extranjera en el Distrito: Venezuela (% respecto total extranjeros del distrito);6,1%;28.129;8,4%;388;7,0%;77;8,2%;31;8,2%;114;10,2%;126;7,9%;40;;;;;;
1.2.2. Estructura de los hogares (01-01-2019);;;;;;;;;;;;;;;;;;;;
Nº total de hogares;100%;1.290.164;1,4%;18.269;39,7%;7.249;3,8%;687;17,1%;3.119;25,4%;4.634;14,1%;2.580;;;;;;
Tamaño medio del hogar;;2,53  ;;2,68;;2,69;;2,69;;2,43;;2,67;;2,96;;;;;;
Hogares con una mujer sola >65 años;9,8%;126.044;6,4%;1.172;8,3%;600;8,2%;56;8,0%;249;4,0%;185;3,2%;82;;;;;;
Hogares con un hombre solo >65 años;2,8%;36.720;2,4%;430;3,2%;233;3,2%;22;2,4%;74;1,5%;70;1,2%;31;;;;;;
Hogares monoparentales: una mujer adulta con uno o más menores;21,1%;27.460;3,1%;568;2,5%;181;2,0%;14;1,8%;55;4,4%;206;4,3%;112;;;;;;
Hogares monoparentales: un hombre adulto con uno o más menores;0,4%;5.491;0,8%;153;0,8%;60;0,7%;5;0,3%;8;0,9%;42;1,5%;38;;;;;;
1.2.3. Dinámica demográfica;;;;;;;;;;;;;;;;;;;;
Tasa bruta de natalidad 2018 (‰);;8,57;;8,9;;5,8;;12,1;;8,9;;12,7;;10,3;;;;;;
Tasa de crecimiento demográfico 2018 (%);;1,37;;2,4;;0,4;;3,1;;3,1;;5,3;;1,7;;;;;;
Esperanza de vida al nacer MUJERES *(mortalidad del periodo 2013-2016);;87,5;;87,0;;86,7;;87,7;;88,6;;87,6;;85,4;;;;;;
Esperanza de vida al nacer HOMBRES *(mortalidad del periodo 2013-2016);;81,9;;82,5;;82,4;;83,1;;81,6;;83,2;;85,4;;;;;;
Esperanza de vida al nacer MUJERES (2018);;87,6;;89,2;;;;;;;;;;;;;;;;
Esperanza de vida al nacer HOMBRES (2018);;82,2;;82,7;;;;;;;;;;;;;;;;
Esperanza de vida > 65 años MUJERES (2018);;24,6;;25,8;;;;;;;;;;;;;;;;
Esperanza de vida > 65 años HOMBRES (2018);;20,6;;21,7;;;;;;;;;;;;;;;;
1.2.4. Mujeres y hombres;;;;;;;;;;;;;;;;;;;;
Índice de desigualdad de género IDG (2018);;0,8308;;;;;;;;;;;;;;;;;;
Índice de desigualdad de género IDG (2008);;0,7462;;;;;;;;;;;;;;;;;;
1.3. INDICADORES ECONÓMICOS ;;;;;;;;;;;;;;;;;;;;
Renta neta media anual de los hogares (Urban Audit). 2016;;39.613,0 €;120%;47.389;52.966;25.366;30.892;41.636;67.321;37.427,0 €;88%;41.584,0 €;67%;31.866,0 €;;;;;;
Renta disponible Bruta Per Cápita 2016(a);;21.755;;25.028,9 €;;;;;;;;;;;;;;;;
Crecimiento/decrecimiento Renta Bruta Per Cápita 2016(a)-2008;3,1%;658;7,3%;1.700,4 €;;;;;;;;;;;;;;;;
Pensión media mensual del Distrito HOMBRES (2018);;1.456,2 €;;1646,24;;;;;;;;;;;;;;;;
Pensión media mensual del Distrito MUJERES (2018);;954,0 €;;973,38;;;;;;;;;;;;;;;;
1.4. INDICADORES DE DESEMPLEO;;;;7,3%;;;;;;;;;;;;;;;;
Tasa de actividad global ciudad de Madrid (EPA. 1º trimestre 2020);61,2%;;;;;;;;;;;;;;;;;;;
Hombres ;66,4%;;;;;;;;;;;;;;;;;;;
Mujeres;57,0%;;;;;;;;;;;;;;;;;;;
Número de parados ciudad de Madrid (EPA. 1º trimestre 2020) (miles);;176,6;;;;;;;;;;;;;;;;;;
Hombres (miles);;83,9;;;;;;;;;;;;;;;;;;
Mujeres (miles);;92,7;;;;;;;;;;;;;;;;;;
Paro registrado (nº de personas registradas en SEPE en febrero 2020);;167.188;1,1%;1.894;31,2%;590;5,4%;102;20,4%;386;27,8%;527;12,1%;230;;;;;;
Tasa absoluta de paro registrado (febrero 2020);7,6%;;5,9%;;5,3%;;7,8%;;7,4%;;6,1%;;4,6%;;;;;;;
Tasa absoluta de paro registrado MUJERES;8,1%;;6,6%;;5,9%;;8,8%;;8,1%;;7,2%;;5,1%;;;;;;;
De 16 a 24 años;4,2%;;2,8%;;1,4%;;9,4%;;4,8%;;4,9%;;0,3%;;;;;;;
De 25 a 44 años;7,5%;;6,0%;;5,0%;;6,3%;;7,1%;;6,9%;;4,2%;;;;;;;
De 45 a 64 años;9,8%;;8,3%;;7,8%;;11,3%;;10,0%;;8,3%;;7,0%;;;;;;;
Tasa absoluta de paro registrado HOMBRES ;7,0%;;5,1%;;4,8%;;7,1%;;6,7%;;4,9%;;4,1%;;;;;;;
De 16 a 24 años;4,4%;;2,7%;;1,6%;;7,5%;;5,4%;;3,0%;;1,4%;;;;;;;
De 25 a 44 años;6,0%;;4,4%;;4,3%;;7,2%;;5,6%;;3,9%;;2,8%;;;;;;;
De 45 a 64 años;8,9%;;6,6%;;6,1%;;6,9%;;8,5%;;6,8%;;5,7%;;0,0966;;0,1032;;0,0671;
Parados de larga duración (febrero 2020);38,2%;63.943;35,6%;674;;;;;;;;;;;;;;;;
Hombres;39,7%;25.381;36,4%;245;;;;;;;;;;;;;;;;
Mujeres ;60,3%;38.562;63,6%;429;;;;;;;;;;;;;;;;
Parados que SÍ perciben prestaciones (febrero 2020);43,4%;72.603;52,3%;990;;;;;;;;;;;;;;;;
Hombres;48,2%;34.979;46,7%;462;;;;;;;;;;;;;;;;
Mujeres ;51,8%;37.624;53,3%;528;;;;;;;;;;;;;;;;
Parados que NO perciben prestaciones (febrero 2020);56,6%;94.585;47,7%;904;;;;;;;;;;;;;;;;
Hombres;41,3%;39.063;37,7%;341;;;;;;;;;;;;;;;;
Mujeres ;58,7%;55.522;62,3%;563;;;;;;;;;;;;;;;;
1.5. EDUCACIÓN;;;;;;;;;;;;;;;;;;;;
1.5.1. Población en etapas educativas (01/01/2018);100,0%;464338;100,0%;8.976;100,0%;3.256;100,0%;292;100,0%;910;100,0%;2.599;100,0%;1.919;1;512;1;3659;1;1376
0 a 2 años;18,2%;84.692;16,7%;1.496;14,3%;466;19,9%;58;20,9%;190;21,0%;547;12,2%;235;0,205078125;105;0,175457775;642;0,161337209;222
Infantil (3 a 5 años);18,7%;86.684;19,1%;1.712;18,8%;613;20,5%;60;20,2%;184;21,0%;546;16,1%;309;0,20703125;106;0,185569828;679;0,146802326;202
Primaria (6 a 11 años);38,4%;178.445;38,9%;3.491;40,0%;1.301;37,3%;109;36,2%;329;36,7%;954;41,6%;798;0,361328125;185;0,392456955;1436;0,338662791;466
Secundaria (12 a 15 años);24,7%;114.517;25,4%;2.277;26,9%;876;22,3%;65;22,7%;207;21,2%;552;30,1%;577;0,2265625;116;0,246515441;902;0,353197674;486
Etapas educativas. Total niños;51,2%;237557;52,1%;4.680;54,1%;1.762;54,5%;159;50,3%;458;50,1%;1.302;52,1%;999;0,509765625;261;0,512435092;1875;0,513081395;706
0 a 2 años;18,2%;43.261;16,0%;748;13,8%;243;19,5%;31;19,4%;89;20,0%;260;12,5%;125;0,210727969;55;0,094288057;345;0,075581395;104
Infantil (3 a 5 años);18,7%;44.354;19,3%;905;18,9%;333;17,0%;27;19,2%;88;21,9%;285;17,2%;172;0,180076628;47;0,094288057;345;0,070494186;97
Primaria (6 a 11 años);38,5%;91.575;39,2%;1.835;40,2%;709;39,0%;62;39,1%;179;36,3%;473;41,2%;412;0,352490421;92;0,198961465;728;0,179505814;247
Secundaria (12 a 15 años);24,6%;58.367;25,5%;1.192;27,1%;477;24,5%;39;22,3%;102;21,8%;284;29,0%;290;0,256704981;67;0,124897513;457;0,1875;258
Etapas educativas. Total niñas;48,8%;226.781;47,9%;4.296;45,9%;1.494;45,5%;133;49,7%;452;49,9%;1.297;47,9%;920;0,490234375;251;0,487564908;1784;0,486918605;670
0 a 2 años;18,3%;41.431;17,4%;748;14,9%;223;20,3%;27;22,3%;101;22,1%;287;12,0%;110;0,199203187;50;0,166479821;297;0,176119403;118
Infantil (3 a 5 años);18,7%;42.330;18,8%;807;18,7%;280;24,8%;33;21,2%;96;20,1%;261;14,9%;137;0,235059761;59;0,187219731;334;0,156716418;105
Primaria (6 a 11 años);38,3%;86.870;38,5%;1.656;39,6%;592;35,3%;47;33,2%;150;37,1%;481;42,0%;386;0,370517928;93;0,396860987;708;0,326865672;219
Secundaria (12 a 15 años);24,8%;56.150;25,3%;1.085;26,7%;399;19,5%;26;23,2%;105;20,7%;268;31,2%;287;0,195219124;49;0,249439462;445;0,340298507;228
1.5.2. Escolarización de alumnos por tipo de centro (año escolar 2017/18);100,0%;519.294;100%;9.317;;;;;;;;;;;;;;;;
En centros PRIVADOS CONCERTADOS;43,1%;223.703;27,2%;2.538;;;;;;;;;;;;;;;;
En centros PRIVADOS SIN CONCIERTO;17,9%;92.853;22,7%;2.112;;;;;;;;;;;;;;;;
En centros PÚBLICOS;39,0%;202.738;50,1%;4.667;;;;;;;;;;;;;;;;
Total alumnos extranjeros;10,6%;54.812;7,0%;651;;;;;;;;;;;;;;;;
En centros PRIVADOS CONCERTADOS;34,9%;19.103;18,9%;123;;;;;;;;;;;;;;;;
En centros PRIVADOS SIN CONCIERTO;9,1%;4.965;10,4%;68;;;;;;;;;;;;;;;;
En centros PÚBLICOS;56,1%;30.744;70,7%;460;;;;;;;;;;;;;;;;
Total alumnos con necesidades de apoyo educativo;4,0%;20.898;2,2%;207;;;;;;;;;;;;;;;;
En centros PRIVADOS CONCERTADOS;49,2%;10.285;63,3%;131;;;;;;;;;;;;;;;;
En centros PRIVADOS SIN CONCIERTO;4,6%;963;1,0%;2;;;;;;;;;;;;;;;;
En centros PÚBLICOS;46,2%;9.650;35,7%;74;;;;;;;;;;;;;;;;
1.5.3. Nivel de estudios de la población ? 25 años (01/01/2019);;;;;;;;;;;;;;;;;;;;
No sabe leer ni escribir o sin estudios;4,9%;123.025;3,4%;1.217;1,4%;203;9,1%;128;7,3%;443;3,7%;323;2,4%;120;0,020876166;132;0,071238112;1603;0,025122121;216
Primaria incompleta;11,6%;291.746;7,3%;2.623;5,1%;753;16,7%;234;13,0%;790;7,2%;627;4,4%;219;0,066266013;419;0,174562261;3928;0,076296813;656
Bachiller Elemental, Graduado Escolar, ESO, Formación profesional 1º grado;26,4%;666.553;21,2%;7.608;16,4%;2.416;38,6%;540;33,8%;2.060;23,9%;2.087;10,1%;505;0,191523011;1211;0,347835748;7827;0,189695278;1631
Formación profesional 2º grado, Bachiller Superior o BUP;19,1%;482.262;22,9%;8.219;24,6%;3.631;21,5%;301;23,5%;1.430;22,7%;1.980;17,6%;877;0,201802942;1276;0,189183184;4257;0,229820889;1976
Titulados medios, diplomados, arquitecto o ingeniero técnico;9,5%;240.302;13,4%;4.800;15,4%;2.279;4,9%;69;8,3%;503;13,0%;1.136;16,3%;813;0,100110707;633;0,073326815;1650;0,120027913;1032
Estudios superiores, licenciado, arquitecto o ingeniero superior, estudios superiores no universitarios, doctorado, estudios postgraduados;28,4%;717.868;31,9%;11.460;37,0%;5.468;8,9%;125;14,1%;857;29,4%;2.560;49,2%;2.450;0,418630397;2647;0,142653986;3210;0,3574087;3073
Nivel de estudios desconocido y no consta;0,1%;3.253;0,1%;22;0,1%;15;0,1%;2;0,0%;3;0,0%;2;0,0%;0;0,000790764;5;0,001199893;27;0,001628286;14
1.5.4. Programa de prevención y control del absentismo escolar;1;2.525.009;1;35.949;1;14.765;1;1.399;1;6.086;1;8.715;1;4.984;1;6323;1;22502;1;8598
Casos trabajados por el programa de absentismo municipal (curso escolar 2018-2019);100,0%;4.025;0,9%;37;;;;;;;;;;;;;;;;
Casos trabajados HOMBRES;51,2%;2.060;59,5%;22;;;;;;;;;;;;;;;;
Casos trabajados MUJERES;48,8%;1.965;40,5%;15;;;;;;;;;;;;;;;;
1.6. SALUD;;;;;;;;;;;;;;;;;;;;
1.6.1. Hábitos y estilos de vida (2017-18. Estudio Madrid Salud);;;;;;;;;;;;;;;;;;;;
Sedentarismo;30,0%;;25,0%;;;;;;;;;;;;;;;;;
Sedentarismo HOMBRES ;25,2%;;;;;;;;;;;;;;;;;;;
Sedentarismo MUJERES ;34,0%;;;;;;;;;;;;;;;;;;;
Consumo de tabaco diario;18,9%;;16,4%;;;;;;;;;;;;;;;;;
Consumo de tabaco diario HOMBRES;20,2%;;;;;;;;;;;;;;;;;;;
Consumo de tabaco diario MUJERES ;17,9%;;;;;;;;;;;;;;;;;;;
Consumo de medicamentos ;66,3%;;59,5%;;;;;;;;;;;;;;;;;
Consumo de medicamentos HOMBRES  ;62,4%;;;;;;;;;;;;;;;;;;;
Consumo de medicamentos MUJERES ;69,7%;;;;;;;;;;;;;;;;;;;
1.6.2. Indicadores de nivel de salud (2017-18. Estudio Madrid Salud);;;;;;;;;;;;;;;;;;;;
Autopercepción de buen estado de salud  (% respuesta muy buena + buena);72,3%;;77,9%;;;;;;;;;;;;;;;;;
Autopercepción de buen estado de salud HOMBRES ;77,4%;;;;;;;;;;;;;;;;;;;
Autopercepción de buen estado de salud MUJERES ;68,0%;;;;;;;;;;;;;;;;;;;
Calidad de vida relacionada con la salud (CVRS) ;20,2%;;19,5%;;;;;;;;;;;;;;;;;
Calidad de vida relacionada con la salud (CVRS) HOMBRES;19,0%;;;;;;;;;;;;;;;;;;;
Calidad de vida relacionada con la salud (CVRS) MUJERES;21,1%;;;;;;;;;;;;;;;;;;;
Presencia de enfermedad crónica ;39,8%;;34,9%;;;;;;;;;;;;;;;;;
Presencia de enfermedad crónica HOMBRES ;36,6%;;;;;;;;;;;;;;;;;;;
Presencia de enfermedad crónica MUJERES;42,4%;;;;;;;;;;;;;;;;;;;
Hipertensión arterial;18,8%;;17,6%;;;;;;;;;;;;;;;;;
Hipertensión arterial HOMBRES;19,7%;;;;;;;;;;;;;;;;;;;
Hipertensión arterial MUJERES;18,1%;;;;;;;;;;;;;;;;;;;
Diabetes Mellitus;6,0%;;4,1%;;;;;;;;;;;;;;;;;
Diabetes Mellitus HOMBRES;6,9%;;;;;;;;;;;;;;;;;;;
Diabetes Mellitus MUJERES;5,3%;;;;;;;;;;;;;;;;;;;
Personas con obesidad ;12,2%;;8,6%;;;;;;;;;;;;;;;;;
Personas con obesidad HOMBRES ;13,3%;;;;;;;;;;;;;;;;;;;
Personas con obesidad MUJERES;11,2%;;;;;;;;;;;;;;;;;;;
Personas con sobrepeso;33,5%;;31,9%;;;;;;;;;;;;;;;;;
Personas con sobrepeso HOMBRES;41,1%;;;;;;;;;;;;;;;;;;;
Personas con sobrepeso MUJERES;27,0%;;;;;;;;;;;;;;;;;;;
Personas mayores de 65 años con alguna dependencia funcional;32,4%;;52,5%;;;;;;;;;;;;;;;;;
Alguna dependencia funcional HOMBRES ;39,1%;;;;;;;;;;;;;;;;;;;
Alguna dependencia funcional MUJERES;48,6%;;;;;;;;;;;;;;;;;;;
Probabilidad de padecer enfermedad mental (GHQ-12);21,1%;;21,4%;;;;;;;;;;;;;;;;;
Probabilidad de padecer enfermedad mental (GHQ-12) HOMBRES;16,6%;;;;;;;;;;;;;;;;;;;
Probabilidad de padecer enfermedad (GHQ-12) MUJERES;24,9%;;;;;;;;;;;;;;;;;;;
Prevalencia de obesidad en la población infantil (2017. Estudio Madrid Salud. UCM);15,8%;;10,5%;;;;;;;;;;;;;;;;;
1.6.3. Discapacidad reconocida (31/12/2018);;;;;;;;;;;;;;;;;;;;
Nº de personas con grado de discapacidad reconocido;6,1%;200.604;1,1%;2.128;;;;;;;;;;;;;;;;
Hombres;48,0%;96.322;51,7%;1.101;;;;;;;;;;;;;;;;
Mujeres;52,0%;104.282;48,3%;1.027;;;;;;;;;;;;;;;;
Mujeres por cada 100 hombres (Feminización de la discapacidad reconocida);;108,3;;93,28;;;;;;;;;;;;;;;;
1.7. CALIDAD DE VIDA  (2019. Encuesta, más de 16 años);;;;;;;;;;;;;;;;;;;;
1.7.1. Calidad de vida y agenda pública (indicador sintético 0-100);;;;;;;;;;;;;;;;;;;;
Satisfacción de vivir en su barrio ;;72,0;;79,0;;;;;;;;;;;;;;;;
Calidad de vida actual en su barrio ;;71,3;;80,9;;;;;;;;;;;;;;;;
Convivencia vecinal;;69,5;;72,0;;;;;;;;;;;;;;;;
1.7.2. Satisfacción con los servicios públicos (escala 0-10);;;;;;;;;;;;;;;;;;;;
Espacios verdes;;6,9;;7,2;;;;;;;;;;;;;;;;
Parques infantiles ;;6,4;;6,6;;;;;;;;;;;;;;;;
Centros culturales;;7,0;;7,3;;;;;;;;;;;;;;;;
Organización de fiestas y eventos populares;;6,7;;6,6;;;;;;;;;;;;;;;;
Instalaciones deportivas;;6,7;;6,4;;;;;;;;;;;;;;;;
Servicios sociales municipales;;6,5;;6,7;;;;;;;;;;;;;;;;
Desigualdad en las dotaciones de los barrios (% respuesta muy alta + alta);78,4%;;73,3%;;;;;;;;;;;;;;;;;
1.7.3. Principales problemas de la ciudadanía (% personas encuestadas);;;;;;;;;;;;;;;;;;;;
1º. Limpieza;29,1%;;49,3%;;;;;;;;;;;;;;;;;
2º. Contaminación del aire;18,7%;;43,5%;;;;;;;;;;;;;;;;;
3º. Tráfico / atascos;11,8%;;31,0%;;;;;;;;;;;;;;;;;
1.7.4. Percepción de seguridad (indicador sintético 0-100);;;;;;;;;;;;;;;;;;;;
Percepción de seguridad en Madrid;;67,6;;59,9;;;;;;;;;;;;;;;;
Percepción de seguridad en el barrio por el día;;76,0;;81,6;;;;;;;;;;;;;;;;
Percepción de seguridad en el barrio por la noche;;60,2;;67,6;;;;;;;;;;;;;;;;
1.7.5. Problemas que afectan a la seguridad en los espacios públicos del distrito (escala 0-10);;;;;;;;;;;;;;;;;;;;
1º Excrementos animales domésticos;;6,6;;7,0;;;;;;;;;;;;;;;;
2º Conductas que ponen en riesgo la seguridad vial;;3,6;;4,4;;;;;;;;;;;;;;;;
3º Exceso de velocidad;;3,5;;4,4;;;;;;;;;;;;;;;;
1.7.6. Administración de la ciudad de Madrid (% de respuesta);;;;;;;;;;;;;;;;;;;;
Medio de información de la actividad del Ayuntamiento: REDES SOCIALES;20,9%;;17,5%;;;;;;;;;;;;;;;;;
Preferencia de contacto con el Ayuntamiento: EN PERSONA;46,0%;;46,0%;;;;;;;;;;;;;;;;;
Percepción sobre la administración del Ayto. en los últimos 5 años: HA MEJORADO;38,6%;;40,5%;;;;;;;;;;;;;;;;;
Percepción sobre la administración del Ayto. en los últimos 5 años: HA EMPEORADO;16,6%;;26,3%;;;;;;;;;;;;;;;;;
1.7.7. Amigabilidad de la ciudad de Madrid (% respuesta mucho + bastante);;;;;;;;;;;;;;;;;;;;
Madrid ciudad amigable con las personas lesbianas, gays, transexuales y bisexuales;76,9%;;77,5%;;;;;;;;;;;;;;;;;
1.8. INDICADORES DE VULNERABILIDAD;;;;;;;;;;;;;;;;;;;;
1.8.1. Índice de vulnerabilidad territorial (2019);;;;;;;;;;;;;;;;;;;;
Índice de vulnerabilidad territorial;;;;0,0063;;0,0056;;0,0074;;0,0072;;0,0061;;0,0053;;0,007769454;;0,008791792;;0,00728669
Posición en el ranking de distritos y/o barrios de vulnerabilidad territorial;;;;6;;122;;60;;73;;103;;130;;54;;37;;73
1.8.2. Tasa de riesgo de pobreza o exclusión social. Indicador AROPE (2018. Encuesta de Condiciones de Vida);;;;;;;;;;;;;;;;;;;;
Tasa de riesgo de pobreza o exclusión social;25,5%;;;;;;;;;;;;;;;;;;;
Tasa de riesgo de pobreza o exclusión social HOMBRES;24,0%;;;;;;;;;;;;;;;;;;;
Tasa de riesgo de pobreza o exclusión social MUJERES;26,7%;;;;;;;;;;;;;;;;;;;
Tasa de riesgo de pobreza o exclusión social N. ESPAÑOLA (>16 años);21,9%;;;;;;;;;;;;;;;;;;;
Tasa de riesgo de pobreza o exclusión social N. EXTRANJERA UNIÓN EUROPEA (>16 años);14,4%;;;;;;;;;;;;;;;;;;;
Tasa de riesgo de pobreza o exclusión social N. EXTRANJERA RESTO DEL MUNDO (>16 años);66,1%;;;;;;;;;;;;;;;;;;;
1.8.3. Tasa de riesgo de pobreza de los hogares (2016. Estudio de Necesidades Sociales. Hogares);;;;;;;;;;;;;;;;;;;;
Pareja o matrimonio con hijos;;35,7%;;;;;;;;;;;;;;;;;;
Hogar formado por madre con hijos a cargo;;41,1%;;;;;;;;;;;;;;;;;;
Nacido en España;;26,4%;;;;;;;;;;;;;;;;;;
Nacido en un país fuera de la Unión Europea;;39,2%;;;;;;;;;;;;;;;;;;
1.8.4. Situación económica de los hogares (2016. Estudio de Necesidades Sociales. Hogares);;;;;;;;;;;;;;;;;;;;
Dificultad para llegar a fin de mes (% respuesta mucha dificultad + dificultad);;20,0%;;;;;;;;;;;;;;;;;;
Imposibilidad de hacer frente a un gasto imprevisto de 650€;;38,7%;;;;;;;;;;;;;;;;;;
Dificultad para hacer frente a los gastos derivados del suministro energético;;9,5%;;;;;;;;;;;;;;;;;;
Entrevistados que han acudido a Servicios Sociales Municipales para solicitar atención social;;10,0%;;;;;;;;;;;;;;;;;;
1.9. SERVICIOS SOCIALES;;;;;;;;;;;;;;;;;;;;
1.9.1. Población en general (2019);;;;;;;;;;;;;;;;;;;;
Personas atendidas en la Unidad de Primera Atención en Centros de Servicios Sociales;;94.210 ;1,3%;1.187;;;;;;;;;;;;;;;;
Solicitudes tramitadas de Renta Mínima de Inserción;;5.474 ;0,7%;40;;;;;;;;;;;;;;;;
Perceptores de prestación de la Renta Mínima de Inserción;;17.877 ;0,4%;80;;;;;;;;;;;;;;;;
Beneficiarios de prestaciones sociales de carácter económico;;13.316 ;3,4%;452;;;;;;;;;;;;;;;;
Total prestaciones sociales de carácter económico (€);;7.698.372 €;2,0%;154.931;;;;;;;;;;;;;;;;
1.9.2. Personas Mayores (2019);;;;;;;;;;;;;;;;;;;;
Personas con Servicio de Ayuda a Domicilio (modalidad auxiliar de hogar);;80.375 ;0,6%;512;;;;;;;;;;;;;;;;
Hombres;;19.939 ;0,6%;121;;;;;;;;;;;;;;;;
Mujeres;;60.436 ;0,6%;391;;;;;;;;;;;;;;;;
Personas socias de los Centros Municipales de Mayores;;343.009 ;1,6%;5.339;;;;;;;;;;;;;;;;
Hombres;;128.807 ;1,7%;2.165;;;;;;;;;;;;;;;;
Mujeres ;;214.202 ;1,5%;3.174;;;;;;;;;;;;;;;;
1.9.3. Menores y Familia (2019);;;;;;;;;;;;;;;;;;;;
Familias atendidas por el Equipo de Trabajo con Menores y Familia (ETMF);;6.467;0,7%;47;;;;;;;;;;;;;;;;
Demandas de intervención en los Centros de Atención a la Infancia (CAI);;2.285;1,1%;25;;;;;;;;;;;;;;;;
Menores atendidos por el Servicio de Ayuda a domicilio a Menores y Familias (SAD) ;;1.356;3,4%;46;;;;;;;;;;;;;;;;
1.10. VIVIENDA;;;;;;;;;;;;;;;;;;;;
1.10.1. Estado de las viviendas;;;;;;;;;;;;;;;;;;;;
Nº Total de viviendas (Censo Edificios y Viviendas 2011);100,0%;1.530.955 ;100%;20370;;;;;;;;;;;;;;;;
Viviendas anteriores a 1980;69,4%;1.061.825;46,1%;9.390;;;;;;;;;;;;;;;;
Estado ruinoso;0,2%;3.445;0,2%;40;;;;;;;;;;;;;;;;
Estado malo;0,8%;12.705;0,2%;50;;;;;;;;;;;;;;;;
Estado deficiente;4,4%;66.775;1,4%;275;;;;;;;;;;;;;;;;
Estado bueno;92,8%;1.420.265;95,3%;19.410;;;;;;;;;;;;;;;;
No consta;1,8%;27.770;2,9%;595;;;;;;;;;;;;;;;;
Valor catastral medio de los bienes inmuebles: personas físicas (2019) en miles de €;;90,9 €;101,4%;92,2;96,2%;88,7;79,7%;73,5;89,8%;82,8;106,4%;98,1;125,7%;115,9;;;;;;
Valor catastral medio de los bienes inmuebles: personas jurídicas (2019) en miles de €;;368,6 €;265,5%;978,7;38,5%;377,2;101%;985,9;18,7%;183,4;46,9%;459,2;105,8%;1035,6;;;;;;
Superficie media de la vivienda (m2) en transacción (2019);;83,4;107,2%;89,43;103,6%;92,69;0,0%;0,00;83,2%;74,42;86,2%;77,08;136,4%;121,94;1,136195907;101,61;0,879682433;78,67;1,291624734;115,51
Duración media del crédito (meses) en transacción de vivienda (2019);;257;87,5%;225;80,9%;182;0,0%;0;139,1%;313;137,3%;309;132,9%;299;0,982222222;221;1,351111111;304;1,373333333;309
1.10.2. Tipología de las viviendas ;;;;;;;;;;;;;;;;;;;;
Nº Total de viviendas familiares (Censo Edificios y Viviendas 2011);100%;1.378.931;100,0%;15.819;100,0%;6.999;100,0%;910;100,0%;3.452;100,0%;2.793;100,0%;1.665;1;5575;1;12090;1;4921
Principal;78,3%;1.080.306;78,8%;12.464;86,0%;6.019;73,3%;667;72,0%;2.487;79,5%;2.221;64,3%;1.070;0,549775785;3065;0,85235732;10305;0,83844747;4126
Secundaria;7,7%;106.192;7,3%;1.147;4,4%;309;7,4%;67;11,2%;387;7,4%;206;10,7%;178;0,149237668;832;0,026220017;317;0,04450315;219
Desocupada;12,9%;178.377;12,1%;1.921;8,1%;569;17,7%;161;13,8%;478;12,7%;356;21,4%;357;0,269237668;1501;0,11993383;1450;0,114407641;563
Otro tipo;1,0%;13.998;1,7%;274;1,5%;102;0,3%;3;2,9%;99;0,4%;10;3,6%;60;0,031748879;177;0,001488834;18;0,002641739;13
1.10.3. Lanzamientos judiciales (Consejo General del Poder Judicial);;;;;;;;;;;;;;;;;;;;
Lanzamientos judiciales practicados (2013);100%;5.020 ;;;;;;;;;;;;;;;;;;
Como consecuencia de ejecuciones hipotecarias;30%;1.501;;;;;;;;;;;;;;;;;;
Como consecuencia de la Ley de Arrendamientos Urbanos;62%;3.137;;;;;;;;;;;;;;;;;;
Lanzamientos judiciales practicados (2019);100,0%;2.832 ;;;;;;;;;;;;;;;;;;
Como consecuencia de ejecuciones hipotecarias;12,7%;360;;;;;;;;;;;;;;;;;;
Como consecuencia de la Ley de Arrendamientos Urbanos;84,2%;2.384;;;;;;;;;;;;;;;;;;
1.11. MEDIO AMBIENTE Y RESIDUOS;;;;;;;;;;;;;;;;;;;;
1.11.1. Contaminantes del aire (2018);;;;;;;;;;;;;;;;;;;;
Partículas suspensión PM2.5 (µgr/m3) -Valor límite: 25 µgr/m3-;;10,3;;;;;;;;;;;;;;;;;;
Partículas suspensión PM10 (µgr/m3) -Valor límite: 40 µgr/m3-;;18,5;;;;;;;;;;;;;;;;;;
Dióxido de azufre - SO2 (µgr/m3) -Valor límite: 125 µgr/m3-;;6,0;;;;;;;;;;;;;;;;;;
Monóxido de carbono - CO (mg/m3) -Valor límite: 10 µgr/m3-;;0,3;;;;;;;;;;;;;;;;;;
Ozono - O3 (µgr/m3) -Valor límite: 120 µgr/m3-;;51,0;;;;;;;;;;;;;;;;;;
Dióxido de nitrógeno - NO2 (µgr/m3) -Valor límite: 40 µgr/m3-;;37,0;;;;;;;;;;;;;;;;;;
Temperatura media anual (ºC);;15,2;;;;;;;;;;;;;;;;;;
Protocolo de contaminación: nº de episodios (2019);;3;;;;;;;;;;;;;;;;;;
"Protocolo de contaminación: nº de días ""Escenario 1"" (2019)";;12;;;;;;;;;;;;;;;;;;
1.11.2. Recogida domiciliaria de resíduos sólidos: envases y resto (2018);;;;;;;;;;;;;;;;;;;;
kg/habitante/año;;372;;473;;;;;;;;;;;;;;;;
kg/habitante/día;;1,019;;1,296;;;;;;;;;;;;;;;;
1.12. SEGURIDAD;;;;;;;;;;;;;;;;;;;;
Intervenciones de la Policía Municipal en materia de seguridad (2019);;;;;;;;;;;;;;;;;;;;
Relacionadas con las personas;;5.455;1,3%;70;;;;;;;;;;;;;;;;
Relacionadas con la tenencia de armas;;1.362;0,3%;4;;;;;;;;;;;;;;;;
Relacionadas con el patrimonio;;6.984;2,7%;186;;;;;;;;;;;;;;;;
Relacionadas con la tenencia y consumo de drogas;;7.668;2,5%;190;;;;;;;;;;;;;;;;
Expedientes instruidos por Agentes Tutores;;557;0,7%;4;;;;;;;;;;;;;;;;
Atestados/partes de accidentes de tráfico confeccionados;;21.791;2,2%;482;;;;;;;;;;;;;;;;
Detenidos e investigados de la Policía Municipal en materia de seguridad (2019);;;;;;;;;;;;;;;;;;;;
Total detenidos e investigados;100%;9.265;1,0%;97;;;;;;;;;;;;;;;;
Lesiones;4,7%;433;;;;;;;;;;;;;;;;;;
Violencia doméstica y de género;8,3%;773;;;;;;;;;;;;;;;;;;
Malos tratos a menores;1,1%;103;;;;;;;;;;;;;;;;;;
Abusos y agresiones sexuales;0,5%;49;;;;;;;;;;;;;;;;;;
Hurtos;12,9%;1.193;;;;;;;;;;;;;;;;;;
Robo con violencia e intimidación en personas;2,1%;198;;;;;;;;;;;;;;;;;;
Contra la salud pública;3,8%;356;;;;;;;;;;;;;;;;;;
Contra la seguridad vial;35,3%;3.275;;;;;;;;;;;;;;;;;;
1.13. RESULTADOS ELECCIONES LOCALES (2019);;;;;;;;;;;;;;;;;;;;
Censo electoral;100,0%;2.397.881;100%;35.916;100%;15.162;100%;1.244;100%;5.505;100%;8.761;100%;5.244;;;;;;
Abstención;31,8%;761.923;26,9%;9.661;21,8%;3.309;46,9%;583;37,2%;2.049;28,7%;2.516;23,0%;1.204;;;;;;
Votos en blanco;0,3%;6.945;0,3%;93;0,2%;36;0,0%;0;0,2%;11;0,3%;29;0,3%;17;;;;;;
Votos a candidaturas;68,2%;1.635.958;73,1%;26.255;78,2%;11.853;53,1%;661;62,8%;3.456;71,3%;6.245;77,0%;4.040;;;;;;
Más Madrid;21,1%;505.159;20,6%;7.411;22,7%;3.447;20,0%;249;17,3%;955;22,0%;1.926;15,9%;834;;;;;;
PP;16,5%;395.344;16,6%;5.954;20,7%;3.137;5,9%;73;11,9%;656;12,3%;1.076;19,3%;1.012;;;;;;
Ciudadanos;13,0%;312.536;18,5%;6.656;18,9%;2.871;9,8%;122;12,0%;661;18,7%;1.636;26,0%;1.366;;;;;;
PSOE;9,3%;224.074;8,7%;3.124;7,2%;1.097;10,1%;126;12,7%;697;10,0%;876;6,3%;328;;;;;;
VOX;5,2%;124.969;6,3%;2.256;6,2%;945;5,6%;70;6,2%;343;5,8%;511;7,4%;387;;;;;;
1.14. SERVICIOS Y EQUIPAMIENTOS MUNICIPALES;;;;;;;;;;;;;;;;;;;;
1.14.1. Servicios Sociales Municipales (2020);;;;;;;;;;;;;;;;;;;;
Centros de Servicios Sociales;;39;2,6%;1;;1;;0;;0;;0;;0;;;;;;
Centros Municipales de Mayores ;;90;3,3%;3;;1;;1;;1;;0;;0;;;;;;
Centros de Día de Alzheimer y Físicos;;97;3,1%;3;;1;;0;;1;;0;;1;;;;;;
Apartamentos Municipales para Mayores;;2;0,0%;0;;0;;0;;0;;0;;0;;;;;;
Residencias para personas Mayores ;;3;0,0%;0;;0;;0;;0;;0;;0;;;;;;
Centros de Apoyo a las Familias (CAF);;7;0,0%;0;;0;;0;;0;;0;;0;;;;;;
Centros de Atención a la Infancia (CAI);;13;0,0%;0;;0;;0;;0;;0;;0;;;;;;
Centro de Día de Atención a Niños y Niñas (de 3 a 12 años);;29;0,0%;0;;0;;0;;0;;0;;0;;;;;;
Espacios de Ocio para Adolescentes (El Enredadero);;6;0,0%;0;;0;;0;;0;;0;;0;;;;;;
Centros de Adolescentes y Jóvenes (ASPA) ;;8;0,0%;0;;0;;0;;0;;0;;0;;;;;;
Centros para personas sin hogar;;12;0,0%;0;;0;;0;;0;;0;;0;;;;;;
1.14.2. Género (2020);;;;;;;;;;;;;;;;;;;;
Espacios de Igualdad;;17;5,9%;1;;0;;0;;0;;1;;0;;;;;;
1.14.3. Salud (2020);;;;;;;;;;;;;;;;;;;;
Centros Municipales de Salud Comunitaria (CMSC);;16;0,0%;0;;0;;0;;0;;0;;0;;;;;;
Centros de Atención a las Adicciones (CAD y CCAD);;10;0,0%;0;;0;;0;;0;;0;;0;;;;;;
1.14.4. Cultura (2020);;;;;;;;;;;;;;;;;;;;
Nº de Bibliotecas Municipales;;34;2,9%;1;;0;;0;;0;;0;;1;;;;;;
Nº de Bibliotecas Comunidad Madrid;;16;0,0%;0;;0;;0;;0;;0;;0;;;;;;
Nº de Centros Culturales;;106;2,8%;3;;1;;0;;1;;0;;1;;;;;;
1.14.5. Deportes (2018);;;;;;;;;;;;;;;;;;;;
Centros deportivos Municipales;;72;2,8%;2;100,0%;2;0,0%;0;0,0%;0;0,0%;0;0,0%;0;;;;;;
Superficie deportiva m2 ;;2.074.404;0,0%;0;;;;;;;;;;;;;;;;
Instalaciones deportivas básicas;;481;;17;;;;;;;;;;;;;;;;
Acceso controlado ;;98;4,1%;4;;;;;;;;;;;;;;;;
Campos de fútbol 11;;22;0,0%;0;;0;;0;;0;;0;;0;;;;;;
Pista de atletismo ;;7;0,0%;0;;0;;0;;0;;0;;0;;;;;;
Piscinas cubiertas;;49;2,0%;1;;1;;0;;0;;1;;0;;;;;;
Piscinas de verano;;23;0,0%;0;;0;;0;;0;;0;;0;;;;;;
1.14.6. Zonas verdes (2019);;;;;;;;;;;;;;;;;;;;
Superficie de zonas verdes y Parques de distrito (Ha);;3.322,9;3,0%;98,8;;;;;;;;;;;;;;;;
Superficie de zonas verdes y Parques de distrito (Ha) / nº de Habitantes *10.000;;10,2;198,3%;20,2;;;;;;;;;;;;;;;;
Superficie Parques Históricos, Singulares y Forestales por distrito  ;;2.501,0;6,7%;167,9;;;;;;;;;;;;;;;;
Superficie Parques Históricos, Singulares y Forestales distrito / nº Habitantes *10.000;;7,7;447,8%;34,3;;;;;;;;;;;;;;;;
1.14.7. Educación (Curso académico 2019-2020);;;;;;;;;;;;;;;;;;;;
Escuelas Infantiles Municipales (2019);;56;5,4%;3;;1;;0;;1;;0;;1;;;;;;
Escuelas Infantiles Públicas CAM;;150;2,0%;3;;;;;;;;;;;;;;;;
Escuelas Infantiles Privadas;;419;2,1%;9;;;;;;;;;;;;;;;;
Colegios Públicos Infantil y Primaria (+ 3 centros con Secundaria);;247;1,6%;4;;;;;;;;;;;;;;;;
Institutos Públicos de Educación Secundaria;;112;1,8%;2;;;;;;;;;;;;;;;;
Colegios Privados Inf. o Pri. o Inf. y Pri.;;88;1,1%;1;;;;;;;;;;;;;;;;
Colegios Privados Inf., Pri. y Sec. o Pri. y Sec. ;;274;1,5%;4;;;;;;;;;;;;;;;;
1.14.8. Empresa y Comercio (2020);;;;;;;;;;;;;;;;;;;;
Mercados Municipales;;45;0,0%;0;;0;;0;;0;;0;;0;;;;;;
1.15. PARTICIPACIÓN CIUDADANA ;;;;;;;;;;;;;;;;;;;;
1.15.1. Entidades de participación ciudadana (2019) ;;;;;;;;;;;;;;;;;;;;
Asociaciones (Sección 1ª);;2.412;1,9%;45;51,1%;23;8,9%;4;2,2%;1;22,2%;10;15,6%;7;;;;;;
Nº de asociaciones culturales y casas regionales;;489;1,8%;9;88,9%;8;0,0%;0;0,0%;0;11,1%;1;0,0%;0;;;;;;
Nº de asociaciones de mujeres;;75;1,3%;1;100,0%;1;0,0%;0;0,0%;0;0,0%;0;0,0%;0;;;;;;
Nº de asociaciones de vecinos;;221;3,2%;7;28,6%;2;14,3%;1;0,0%;0;28,6%;2;28,6%;2;;;;;;
Fundaciones (Sección 2ª);;24;0,0%;0;0,0%;0;0,0%;0;0,0%;0;0,0%;0;0,0%;0;;;;;;
;;;;;;;;;;;;;;;;;;;;
;;;;;;;;;;;;;;;;;;;;
;;;;;;;;;;;;;;;;;;;;
;;;;;;;;;;;;;;;;;;;;
1.16. PRESUPUESTO 2020; En base al Acuerdo de 23 de diciembre de 2019 del Pleno del Ayuntamiento de Madrid. Publicación: BOAM Nùm. 8.551, 30 de diciembre de 2019. ;;;;;;;;;;;;;;;;;;;
PROGRAMA;;CAPÍTULOS;;;;;;;;;;;;;;;;;;
;;1;;2;;3;;4;;5;;6;;7;;TOTAL;;;;
OTRAS ACTUACIONES EN VÍAS PÚBLICAS;;;;12.074 €;;;;;;;;;;;;12.074 €;;;;
FAMILIA E INFANCIA;231.02;;;288.737 €;;;;125.000 €;;;;;;10.000 €;;423.737 €;;;;
PERSONAS MAYORES Y SERVICIOS SOCIALES;231.03;;;1.489.751 €;;;;3.500 €;;;;;;3.000 €;;1.496.251 €;;;;
INTEGRACIÓN COMUNITARIA Y EMERGENCIA SOCIAL;231.06;831.717 €;;134.728 €;;;;60.000 €;;;;;;;;1.026.445 €;;;;
SALUBRIDAD PÚBLICA;311.01;349.073 €;;8.600 €;;;;;;;;;;;;357.673 €;;;;
CENTROS DOCENTES ENSEÑANZA INFANTIL Y PRIMARIA;323.01;;;2.469.593 €;;;;;;;;;;;;2.469.593 €;;;;
SERVICIOS COMPLEMENTARIOS EDUCACIÓN;326.01;;;258.144 €;;;;;;;;;;;;258.144 €;;;;
ACTIVIDADES CULTURALES;334.01;343.216 €;;773.345 €;;;;12.500 €;;;;;;;;1.129.061 €;;;;
ACTUACIONES DEPORTIVAS EN DISTRITOS;341.01;;;36.800 €;;;;;;;;;;;;36.800 €;;;;
INSTALACIONES DEPORTIVAS;342.01;2.325.945 €;;241.980 €;;;;;;;;10.200 €;;;;2.578.125 €;;;;
CONSUMO;493.00;130.776 €;;500 €;;;;;;;;;;;;131.276 €;;;;
CONCEJALÍA-PRESIDENCIA DEL DISTRITO;912.2;277.591 €;;1.000 €;;;;;;;;;;;;278.591 €;;;;
DIREC. Y GESTIÓN ADMTVA. DEL DISTRITO;920.01;3.130.184 €;;270.709 €;;;;;;;;5.000 €;;;;3.405.893 €;;;;
PARTICIPACIÓN CIUDADANA Y VOLUNTARIADO;924.01;;;;;;;50.000 €;;;;;;6.000 €;;56.000 €;;;;
EDIFICIOS;933.02;;;1.125.606 €;;;;;;;;;;;;1.125.606 €;;;;
CENTRO 001;;7.388.502 €;;7.111.567 €;;0 €;;251.000 €;;0 €;;15.200 €;;19.000 €;;14.785.269 €;;;;
SECCIÓN 221;;7.388.502 €;;7.111.567 €;;0 €;;251.000 €;;0 €;;15.200 €;;19.000 €;;14.785.269 €;;;;
